pat_id	text_id	cost	strand	start	end	match_region	cigar
q0	exact	0	+	0	20	ACGTTGCAAGTCGATCGTAC	20=
q1	exact	0	+	0	20	ACGTTGCAAGTCGATCGTAC	20=
q2	exact	0	+	0	20	ACGTTGCAAGTCGATCGTAC	20=
q3	exact	0	+	0	20	ACGTTGCAAGTCGATCGTAC	20=
q4	exact	0	+	0	20	ACGTTGCAAGTCGATCGTAC	20=
q5	exact	0	+	0	20	ACGTTGCAAGTCGATCGTAC	20=
q6	exact	0	+	0	20	ACGTTGCAAGTCGATCGTAC	20=
q7	exact	0	+	0	20	ACGTTGCAAGTCGATCGTAC	20=
q8	exact	0	+	0	20	ACGTTGCAAGTCGATCGTAC	20=
q9	exact	0	+	0	20	ACGTTGCAAGTCGATCGTAC	20=
q10	exact	0	+	0	20	ACGTTGCAAGTCGATCGTAC	20=
q11	exact	0	+	0	20	ACGTTGCAAGTCGATCGTAC	20=
q12	exact	0	+	0	20	ACGTTGCAAGTCGATCGTAC	20=
q13	exact	0	+	0	20	ACGTTGCAAGTCGATCGTAC	20=
q14	exact	0	+	0	20	ACGTTGCAAGTCGATCGTAC	20=
q15	exact	0	+	0	20	ACGTTGCAAGTCGATCGTAC	20=
q0	lowercase	0	+	0	20	acgttgcaagtcgatcgtac	20=
q1	lowercase	0	+	0	20	acgttgcaagtcgatcgtac	20=
q2	lowercase	0	+	0	20	acgttgcaagtcgatcgtac	20=
q3	lowercase	0	+	0	20	acgttgcaagtcgatcgtac	20=
q4	lowercase	0	+	0	20	acgttgcaagtcgatcgtac	20=
q5	lowercase	0	+	0	20	acgttgcaagtcgatcgtac	20=
q6	lowercase	0	+	0	20	acgttgcaagtcgatcgtac	20=
q7	lowercase	0	+	0	20	acgttgcaagtcgatcgtac	20=
q8	lowercase	0	+	0	20	acgttgcaagtcgatcgtac	20=
q9	lowercase	0	+	0	20	acgttgcaagtcgatcgtac	20=
q10	lowercase	0	+	0	20	acgttgcaagtcgatcgtac	20=
q11	lowercase	0	+	0	20	acgttgcaagtcgatcgtac	20=
q12	lowercase	0	+	0	20	acgttgcaagtcgatcgtac	20=
q13	lowercase	0	+	0	20	acgttgcaagtcgatcgtac	20=
q14	lowercase	0	+	0	20	acgttgcaagtcgatcgtac	20=
q15	lowercase	0	+	0	20	acgttgcaagtcgatcgtac	20=
q0	substitution	1	+	0	20	ACGTTGCAACTCGATCGTAC	9=1X10=
q1	substitution	1	+	0	20	ACGTTGCAACTCGATCGTAC	9=1X10=
q2	substitution	1	+	0	20	ACGTTGCAACTCGATCGTAC	9=1X10=
q3	substitution	1	+	0	20	ACGTTGCAACTCGATCGTAC	9=1X10=
q4	substitution	1	+	0	20	ACGTTGCAACTCGATCGTAC	9=1X10=
q5	substitution	1	+	0	20	ACGTTGCAACTCGATCGTAC	9=1X10=
q6	substitution	1	+	0	20	ACGTTGCAACTCGATCGTAC	9=1X10=
q7	substitution	1	+	0	20	ACGTTGCAACTCGATCGTAC	9=1X10=
q8	substitution	1	+	0	20	ACGTTGCAACTCGATCGTAC	9=1X10=
q9	substitution	1	+	0	20	ACGTTGCAACTCGATCGTAC	9=1X10=
q10	substitution	1	+	0	20	ACGTTGCAACTCGATCGTAC	9=1X10=
q11	substitution	1	+	0	20	ACGTTGCAACTCGATCGTAC	9=1X10=
q12	substitution	1	+	0	20	ACGTTGCAACTCGATCGTAC	9=1X10=
q13	substitution	1	+	0	20	ACGTTGCAACTCGATCGTAC	9=1X10=
q14	substitution	1	+	0	20	ACGTTGCAACTCGATCGTAC	9=1X10=
q15	substitution	1	+	0	20	ACGTTGCAACTCGATCGTAC	9=1X10=
q0	insertion	1	+	0	21	ACGTTGCAAGATCGATCGTAC	10=1D10=
q1	insertion	1	+	0	21	ACGTTGCAAGATCGATCGTAC	10=1D10=
q2	insertion	1	+	0	21	ACGTTGCAAGATCGATCGTAC	10=1D10=
q3	insertion	1	+	0	21	ACGTTGCAAGATCGATCGTAC	10=1D10=
q4	insertion	1	+	0	21	ACGTTGCAAGATCGATCGTAC	10=1D10=
q5	insertion	1	+	0	21	ACGTTGCAAGATCGATCGTAC	10=1D10=
q6	insertion	1	+	0	21	ACGTTGCAAGATCGATCGTAC	10=1D10=
q7	insertion	1	+	0	21	ACGTTGCAAGATCGATCGTAC	10=1D10=
q8	insertion	1	+	0	21	ACGTTGCAAGATCGATCGTAC	10=1D10=
q9	insertion	1	+	0	21	ACGTTGCAAGATCGATCGTAC	10=1D10=
q10	insertion	1	+	0	21	ACGTTGCAAGATCGATCGTAC	10=1D10=
q11	insertion	1	+	0	21	ACGTTGCAAGATCGATCGTAC	10=1D10=
q12	insertion	1	+	0	21	ACGTTGCAAGATCGATCGTAC	10=1D10=
q13	insertion	1	+	0	21	ACGTTGCAAGATCGATCGTAC	10=1D10=
q14	insertion	1	+	0	21	ACGTTGCAAGATCGATCGTAC	10=1D10=
q15	insertion	1	+	0	21	ACGTTGCAAGATCGATCGTAC	10=1D10=
q0	deletion	1	+	0	19	ACGTTGCAAGCGATCGTAC	10=1I9=
q1	deletion	1	+	0	19	ACGTTGCAAGCGATCGTAC	10=1I9=
q2	deletion	1	+	0	19	ACGTTGCAAGCGATCGTAC	10=1I9=
q3	deletion	1	+	0	19	ACGTTGCAAGCGATCGTAC	10=1I9=
q4	deletion	1	+	0	19	ACGTTGCAAGCGATCGTAC	10=1I9=
q5	deletion	1	+	0	19	ACGTTGCAAGCGATCGTAC	10=1I9=
q6	deletion	1	+	0	19	ACGTTGCAAGCGATCGTAC	10=1I9=
q7	deletion	1	+	0	19	ACGTTGCAAGCGATCGTAC	10=1I9=
q8	deletion	1	+	0	19	ACGTTGCAAGCGATCGTAC	10=1I9=
q9	deletion	1	+	0	19	ACGTTGCAAGCGATCGTAC	10=1I9=
q10	deletion	1	+	0	19	ACGTTGCAAGCGATCGTAC	10=1I9=
q11	deletion	1	+	0	19	ACGTTGCAAGCGATCGTAC	10=1I9=
q12	deletion	1	+	0	19	ACGTTGCAAGCGATCGTAC	10=1I9=
q13	deletion	1	+	0	19	ACGTTGCAAGCGATCGTAC	10=1I9=
q14	deletion	1	+	0	19	ACGTTGCAAGCGATCGTAC	10=1I9=
q15	deletion	1	+	0	19	ACGTTGCAAGCGATCGTAC	10=1I9=
q0	reverse	0	-	0	20	ACGTTGCAAGTCGATCGTAC	20=
q1	reverse	0	-	0	20	ACGTTGCAAGTCGATCGTAC	20=
q2	reverse	0	-	0	20	ACGTTGCAAGTCGATCGTAC	20=
q3	reverse	0	-	0	20	ACGTTGCAAGTCGATCGTAC	20=
q4	reverse	0	-	0	20	ACGTTGCAAGTCGATCGTAC	20=
q5	reverse	0	-	0	20	ACGTTGCAAGTCGATCGTAC	20=
q6	reverse	0	-	0	20	ACGTTGCAAGTCGATCGTAC	20=
q7	reverse	0	-	0	20	ACGTTGCAAGTCGATCGTAC	20=
q8	reverse	0	-	0	20	ACGTTGCAAGTCGATCGTAC	20=
q9	reverse	0	-	0	20	ACGTTGCAAGTCGATCGTAC	20=
q10	reverse	0	-	0	20	ACGTTGCAAGTCGATCGTAC	20=
q11	reverse	0	-	0	20	ACGTTGCAAGTCGATCGTAC	20=
q12	reverse	0	-	0	20	ACGTTGCAAGTCGATCGTAC	20=
q13	reverse	0	-	0	20	ACGTTGCAAGTCGATCGTAC	20=
q14	reverse	0	-	0	20	ACGTTGCAAGTCGATCGTAC	20=
q15	reverse	0	-	0	20	ACGTTGCAAGTCGATCGTAC	20=
