id,kind,label,reference,queries,k,mode,threads,preparation_seconds,load_seconds,ooff_seconds,sassy_seconds,speedup,first_batch_speedup,peak_rss_mib,status,artifact,ooff_peak_rss_mib,sassy_peak_rss_mib,index_bytes,reported_sites,ooff_wall_seconds,sassy_wall_seconds,output_bytes,exact_site_tuples_equal,reused_sassy_baseline,query_file,repetitions,writes_site_csv,cache_policy,sassy_binary,sassy_engine_seconds,ooff_first_search_seconds,sassy_first_search_seconds
20260907T160055-baseline-endpoints,search,baseline-endpoints,data/reference-v1/bounded-10mb.fa,32,3,endpoints,1,,0.029022186,1.038403441,,,,13.21484375,FAILED/TIMEOUT,benchmarks/iterations/20260907T160055-baseline-endpoints/result.json,12.85546875,13.21484375,,205,3.14,0.02,,,,benchmarks/sassy_1000/SCN2A_unfiltered_1000.fa,3,False,,/home/ubuntu/comparators/sassy-0.2.6/target/release/sassy-comparator,,1.038873573,
20260907T160300-baseline-iupac-endpoints,search,baseline-iupac-endpoints,data/reference-v1/bounded-10mb.fa,32,3,endpoints,1,,0.029844536,1.038593314,0.050779195,0.04889227989002825,0.07369171504365186,13.12890625,matched; complete,benchmarks/iterations/20260907T160300-baseline-iupac-endpoints/result.json,12.87890625,13.12890625,,205,3.14,0.18,,,,benchmarks/sassy_1000/SCN2A_unfiltered_1000.fa,3,False,,/home/ubuntu/comparators/sassy-0.2.6/target/release/sassy-comparator,,1.038825476,0.051062074
20260907T160431-baseline-full-screen,search,baseline-full-screen,data/reference-v1/reference.fa,1000,3,screen,1,,7.06746275,10.116534837,0.826105793,0.08165896784921041,0.4255755798867447,2363.58203125,matched; complete,benchmarks/iterations/20260907T160431-baseline-full-screen/result.json,2362.0546875,2363.58203125,,1000,37.55,9.09,,,,benchmarks/sassy_1000/SCN2A_unfiltered_1000.fa,3,False,,/home/ubuntu/comparators/sassy-0.2.6/target/release/sassy-comparator,,10.11664232,0.8254789
20260907T161046-fm-v1-bounded-build,index_build,fm-v1-bounded-build,data/reference-v1/bounded-10mb.fa,,,build,8,0.2271514470000966,,,,,,68.7890625,complete,benchmarks/iterations/20260907T161046-fm-v1-bounded-build/result.json,68.7890625,,47501048,,0.2271514470000966,,,,,,,,,,,,
20260907T161046-fm-v1-bounded-endpoints,search,fm-v1-bounded-endpoints,data/reference-v1/bounded-10mb.fa,32,3,endpoints,1,0.224278267,0.062131908,0.946403277,0.050819285,0.05369728342561519,0.07695542870286735,65.08203125,matched; complete,benchmarks/iterations/20260907T161046-fm-v1-bounded-endpoints/result.json,65.08203125,13.16796875,47501048,205,2.91,0.18,,,,benchmarks/sassy_1000/SCN2A_unfiltered_1000.fa,3,False,,/home/ubuntu/comparators/sassy-0.2.6/target/release/sassy-comparator,,0.958658442,0.051056637
20260907T161049-fm-v1-bounded-screen,search,fm-v1-bounded-screen,data/reference-v1/bounded-10mb.fa,1000,3,screen,1,0.224278267,0.06306835,2.7218090630000003,0.391811425,0.14395257563296604,0.14999842742685654,65.38671875,matched; complete,benchmarks/iterations/20260907T161049-fm-v1-bounded-screen/result.json,65.38671875,14.67578125,47501048,938,8.24,1.2,,,,benchmarks/sassy_1000/SCN2A_unfiltered_1000.fa,3,False,,/home/ubuntu/comparators/sassy-0.2.6/target/release/sassy-comparator,,2.733367554,0.391811425
20260907T161059-fm-v1-full-build,index_build,fm-v1-full-build,data/reference-v1/reference.fa,,,build,8,88.90547561900007,,,,,,1326.25390625,complete,benchmarks/iterations/20260907T161059-fm-v1-full-build/result.json,1326.25390625,,11586151348,,88.90547561900007,,,,,,,,,,,,
20260907T161228-fm-v1-full-screen,search,fm-v1-full-screen,data/reference-v1/reference.fa,1000,3,screen,1,88.854250791,14.795039613,0.04730124,0.825787868,17.458059619578684,0.49187174294438557,11084.26171875,matched; complete,benchmarks/iterations/20260907T161228-fm-v1-full-screen/result.json,11084.26171875,2363.63671875,11586151348,1000,15.24,9.07,,,,benchmarks/sassy_1000/SCN2A_unfiltered_1000.fa,3,False,,/home/ubuntu/comparators/sassy-0.2.6/target/release/sassy-comparator,,0.054349521,0.828013653
20260907T161457-fm-v1-strata-full-screen,search,fm-v1-strata-full-screen,data/reference-v1/reference.fa,1000,3,screen,1,88.854250791,15.010091239,1.643213364,0.824547801,0.5017898582523943,0.4377318255313005,11082.34765625,matched; complete,benchmarks/iterations/20260907T161457-fm-v1-strata-full-screen/result.json,11082.34765625,2363.58984375,11586151348,1000,20.24,9.06,,,,benchmarks/sassy_1000/SCN2A_unfiltered_1000.fa,3,False,,/home/ubuntu/comparators/sassy-0.2.6/target/release/sassy-comparator,,1.643213364,0.824547801
20260907T162047-fm-mmap-full-screen,search,fm-mmap-full-screen,data/reference-v1/reference.fa,1000,3,screen,1,88.854250791,0.102114396,0.042575651,0.828282669,19.454374731698174,44.87820024118049,2363.57421875,matched; complete,benchmarks/iterations/20260907T162047-fm-mmap-full-screen/result.json,239.234375,2363.57421875,11586151348,1000,0.34,10.72,,,,benchmarks/sassy_1000/SCN2A_unfiltered_1000.fa,5,False,,/home/ubuntu/comparators/sassy-0.2.6/target/release/sassy-comparator,,0.060473389,0.824206918
20260907T162058-fm-mmap-scn2a-10000-screen,search,fm-mmap-scn2a-10000-screen,data/reference-v1/reference.fa,10000,3,screen,1,88.854250791,0.107185201,0.532900792,5.643590399,10.590320907235583,17.40322693031411,2381.4453125,matched; complete,benchmarks/iterations/20260907T162058-fm-mmap-scn2a-10000-screen/result.json,596.125,2381.4453125,11586151348,10000,1.77,23.47,,,,data/query-sets-v1/scn2a-10000.fa,3,False,,/home/ubuntu/comparators/sassy-0.2.6/target/release/sassy-comparator,,0.582888889,5.529657398
20260907T162123-fm-mmap-mixed-genes-1000-screen,search,fm-mmap-mixed-genes-1000-screen,data/reference-v1/reference.fa,1000,3,screen,1,88.854250791,0.101726913,0.143704168,1.581618235,11.006070714664311,29.760349866234222,2363.62109375,matched; complete,benchmarks/iterations/20260907T162123-fm-mmap-mixed-genes-1000-screen/result.json,277.83203125,2363.62109375,11586151348,1000,0.55,11.36,,,,data/query-sets-v1/mixed-genes-1000.fa,3,False,,/home/ubuntu/comparators/sassy-0.2.6/target/release/sassy-comparator,,0.169256082,1.569750226
20260907T162135-fm-mmap-random-1000-screen,search,fm-mmap-random-1000-screen,data/reference-v1/reference.fa,1000,3,screen,1,88.854250791,0.102004451,1.52973683,4.358239121,2.8490123500523943,6.477214301968303,2363.7109375,matched; complete,benchmarks/iterations/20260907T162135-fm-mmap-random-1000-screen/result.json,428.76953125,2363.7109375,11586151348,1000,4.72,19.68,,,,data/query-sets-v1/random-1000.fa,3,False,fresh processes; OS page cache not flushed; per-repetition timings retained,/home/ubuntu/comparators/sassy-0.2.6/target/release/sassy-comparator,,1.570311883,4.354925104
20260907T162200-fm-mmap-low-complexity-1000-screen,search,fm-mmap-low-complexity-1000-screen,data/reference-v1/reference.fa,1000,3,screen,1,88.854250791,0.102303734,0.002324778,0.016149016,6.946476609809625,60.93750568592123,2363.83984375,matched; complete,benchmarks/iterations/20260907T162200-fm-mmap-low-complexity-1000-screen/result.json,59.1796875,2363.83984375,11586151348,1000,0.11,6.64,,,,data/query-sets-v1/low-complexity-1000.fa,3,False,fresh processes; OS page cache not flushed; per-repetition timings retained,/home/ubuntu/comparators/sassy-0.2.6/target/release/sassy-comparator,,0.004220341,0.016358346
20260907T162207-fm-mmap-bounded-sites,search,fm-mmap-bounded-sites,data/reference-v1/bounded-10mb.fa,32,3,sites,1,0.224278267,0.000344695,0.92537671,0.052986611,0.05725950353775383,0.08506898107731109,34.9765625,matched; complete,benchmarks/iterations/20260907T162207-fm-mmap-bounded-sites/result.json,34.9765625,13.265625,47501048,248,2.78,0.18,,,,benchmarks/sassy_1000/SCN2A_unfiltered_1000.fa,3,False,fresh processes; OS page cache not flushed; per-repetition timings retained,/home/ubuntu/comparators/sassy-0.2.6/target/release/sassy-comparator,,0.938147244,0.052986611
20260907T162210-fm-mmap-full-sites32,search,fm-mmap-full-sites32,data/reference-v1/reference.fa,32,3,sites,1,88.854250791,0.101489939,28.875123861,13.36877817,0.462986002565913,0.685266444452526,3170.08203125,matched; complete,benchmarks/iterations/20260907T162210-fm-mmap-full-sites32/result.json,3170.08203125,2361.91796875,11586151348,78733,29.03,19.97,,,,benchmarks/sassy_1000/SCN2A_unfiltered_1000.fa,1,False,fresh processes; OS page cache not flushed; per-repetition timings retained,/home/ubuntu/comparators/sassy-0.2.6/target/release/sassy-comparator,,28.875123861,13.36877817
20260907T162619-fm-tail-scn2a-10000-screen,search,fm-tail-scn2a-10000-screen,data/reference-v1/reference.fa,10000,3,screen,1,88.854250791,0.100730121,0.235478202,5.650895422,23.997530871243868,31.148022694154893,2381.50390625,matched; complete,benchmarks/iterations/20260907T162619-fm-tail-scn2a-10000-screen/result.json,592.046875,2381.50390625,11586151348,10000,0.86,23.49,,,,data/query-sets-v1/scn2a-10000.fa,3,False,fresh processes; OS page cache not flushed; per-repetition timings retained,/home/ubuntu/comparators/sassy-0.2.6/target/release/sassy-comparator,,0.285100858,5.538307842
20260907T162643-fm-tail-random-1000-screen,search,fm-tail-random-1000-screen,data/reference-v1/reference.fa,1000,3,screen,1,88.854250791,0.094678216,0.449661668,4.349306465,9.672397659210747,18.394748421733247,2363.6796875,matched; complete,benchmarks/iterations/20260907T162643-fm-tail-random-1000-screen/result.json,413.2890625,2363.6796875,11586151348,1000,1.49,19.61,,,,data/query-sets-v1/random-1000.fa,3,False,fresh processes; OS page cache not flushed; per-repetition timings retained,/home/ubuntu/comparators/sassy-0.2.6/target/release/sassy-comparator,,0.491537326,4.329681804
20260907T162705-fm-tail-low-complexity-1000-screen,search,fm-tail-low-complexity-1000-screen,data/reference-v1/reference.fa,1000,3,screen,1,88.854250791,0.09454653,0.002291947,0.015371534,6.70675805330577,65.86076740127857,2363.7421875,matched; complete,benchmarks/iterations/20260907T162705-fm-tail-low-complexity-1000-screen/result.json,59.15625,2363.7421875,11586151348,1000,0.1,6.63,,,,data/query-sets-v1/low-complexity-1000.fa,3,False,fresh processes; OS page cache not flushed; per-repetition timings retained,/home/ubuntu/comparators/sassy-0.2.6/target/release/sassy-comparator,,0.00388776,0.01586695
20260907T162712-fm-tail-full-sites32,search,fm-tail-full-sites32,data/reference-v1/reference.fa,32,3,sites,1,88.854250791,0.095882367,7.375734336,13.238754704,1.7949066629723036,2.640723827291332,3139.09375,matched; complete,benchmarks/iterations/20260907T162712-fm-tail-full-sites32/result.json,3139.09375,2361.79296875,11586151348,78733,7.52,19.85,,,,benchmarks/sassy_1000/SCN2A_unfiltered_1000.fa,1,False,fresh processes; OS page cache not flushed; per-repetition timings retained,/home/ubuntu/comparators/sassy-0.2.6/target/release/sassy-comparator,,7.375734336,13.238754704
20260907T162739-fm-1300m-build,index_build,fm-1300m-build,data/reference-v1/reference.fa,,,build,8,128.91563475799967,,,,,,8393.4765625,complete,benchmarks/iterations/20260907T162739-fm-1300m-build/result.json,8393.4765625,,11586150936,,128.91563475799967,,,,,,,,,,,,
20260907T162948-fm-1300m-scn2a-10000-screen,search,fm-1300m-scn2a-10000-screen,data/reference-v1/reference.fa,10000,3,screen,1,128.825596413,0.143640062,0.14209665,5.644052677,39.719815189168784,0.6366682447265716,3505.953125,matched; complete,benchmarks/iterations/20260907T162948-fm-1300m-scn2a-10000-screen/result.json,3505.953125,2381.51171875,11586150936,10000,21.96,25.22,,,,data/query-sets-v1/scn2a-10000.fa,3,False,fresh processes; OS page cache not flushed; per-repetition timings retained,/home/ubuntu/comparators/sassy-0.2.6/target/release/sassy-comparator,,21.475406143,5.526553896
20260907T163036-fm-1300m-mixed-genes-1000-screen,search,fm-1300m-mixed-genes-1000-screen,data/reference-v1/reference.fa,1000,3,screen,1,128.825596413,0.094670204,0.012321723,1.572344017,127.60747965199349,27.226810403924723,2363.62890625,matched; complete,benchmarks/iterations/20260907T163036-fm-1300m-mixed-genes-1000-screen/result.json,1056.203125,2363.62890625,11586150936,1000,0.33,11.3,,,,data/query-sets-v1/mixed-genes-1000.fa,3,False,fresh processes; OS page cache not flushed; per-repetition timings retained,/home/ubuntu/comparators/sassy-0.2.6/target/release/sassy-comparator,,0.200655962,1.5672277719999999
20260907T163048-fm-1300m-random-1000-screen,search,fm-1300m-random-1000-screen,data/reference-v1/reference.fa,1000,3,screen,1,128.825596413,0.094472567,0.07496014,4.420532459,58.97177431899141,42.3863547193432,2363.6875,matched; complete,benchmarks/iterations/20260907T163048-fm-1300m-random-1000-screen/result.json,1008.375,2363.6875,11586150936,1000,0.42,19.83,,,,data/query-sets-v1/random-1000.fa,3,False,fresh processes; OS page cache not flushed; per-repetition timings retained,/home/ubuntu/comparators/sassy-0.2.6/target/release/sassy-comparator,,0.16246966,4.421297712
20260907T163108-fm-1300m-low-complexity-1000-screen,search,fm-1300m-low-complexity-1000-screen,data/reference-v1/reference.fa,1000,3,screen,1,128.825596413,0.095000278,0.002738899,0.015329643,5.597009236193084,64.11550338107658,2363.828125,matched; complete,benchmarks/iterations/20260907T163108-fm-1300m-low-complexity-1000-screen/result.json,92.2890625,2363.828125,11586150936,1000,0.11,6.63,,,,data/query-sets-v1/low-complexity-1000.fa,3,False,fresh processes; OS page cache not flushed; per-repetition timings retained,/home/ubuntu/comparators/sassy-0.2.6/target/release/sassy-comparator,,0.006163358,0.016108383
20260907T163115-fm-1300m-full-sites32,search,fm-1300m-full-sites32,data/reference-v1/reference.fa,32,3,sites,1,128.825596413,0.094152715,2.330668845,13.339144684,5.723311877882849,7.192799817015599,2729.84375,matched; complete,benchmarks/iterations/20260907T163115-fm-1300m-full-sites32/result.json,2729.84375,2361.8125,11586150936,78733,7.46,46.54,,,,benchmarks/sassy_1000/SCN2A_unfiltered_1000.fa,3,False,fresh processes; OS page cache not flushed; per-repetition timings retained,/home/ubuntu/comparators/sassy-0.2.6/target/release/sassy-comparator,,2.661518251,13.339144684
20260907T164220-fm-fastmemo-scn2a-10000-screen,search,fm-fastmemo-scn2a-10000-screen,data/reference-v1/reference.fa,10000,3,screen,1,128.825596413,0.105738441,0.088107954,5.631543538,63.91640348384437,36.53063609185548,3515.60546875,matched; complete,benchmarks/iterations/20260907T164220-fm-fastmemo-scn2a-10000-screen/result.json,3515.60546875,2381.5078125,11586150936,10000,0.56,23.4,,,,data/query-sets-v1/scn2a-10000.fa,3,False,fresh processes; OS page cache not flushed; per-repetition timings retained,/home/ubuntu/comparators/sassy-0.2.6/target/release/sassy-comparator,,0.222625015,5.51834033
20260907T164244-fm-fastmemo-random-1000-screen,search,fm-fastmemo-random-1000-screen,data/reference-v1/reference.fa,1000,3,screen,1,128.825596413,0.100402126,0.054903315,4.360385537,79.4193490320211,54.5231690592398,2363.703125,matched; complete,benchmarks/iterations/20260907T164244-fm-fastmemo-random-1000-screen/result.json,1008.26953125,2363.703125,11586150936,1000,0.31,19.64,,,,data/query-sets-v1/random-1000.fa,3,False,fresh processes; OS page cache not flushed; per-repetition timings retained,/home/ubuntu/comparators/sassy-0.2.6/target/release/sassy-comparator,,0.09790571,4.360385537
20260907T164304-fm-fastmemo-low-complexity-1000-screen,search,fm-fastmemo-low-complexity-1000-screen,data/reference-v1/reference.fa,1000,3,screen,1,128.825596413,0.100351693,0.001077872,0.016118071,14.95360395297401,61.9936967420973,2363.734375,matched; complete,benchmarks/iterations/20260907T164304-fm-fastmemo-low-complexity-1000-screen/result.json,92.5625,2363.734375,11586150936,1000,0.11,6.63,,,,data/query-sets-v1/low-complexity-1000.fa,3,False,fresh processes; OS page cache not flushed; per-repetition timings retained,/home/ubuntu/comparators/sassy-0.2.6/target/release/sassy-comparator,,0.004217882,0.016048892
20260907T164311-fm-fastmemo-full-sites32,search,fm-fastmemo-full-sites32,data/reference-v1/reference.fa,32,3,sites,1,128.825596413,0.101008991,2.172303495,13.261960666,6.1050220176532015,8.385324231170042,2729.33984375,matched; complete,benchmarks/iterations/20260907T164311-fm-fastmemo-full-sites32/result.json,2729.33984375,2361.91796875,11586150936,78733,6.72,46.36,,,,benchmarks/sassy_1000/SCN2A_unfiltered_1000.fa,3,False,fresh processes; OS page cache not flushed; per-repetition timings retained,/home/ubuntu/comparators/sassy-0.2.6/target/release/sassy-comparator,,2.250611166,13.23163364
20260907T164404-fm-production-provenance-build,index_build,fm-production-provenance-build,data/reference-v1/reference.fa,,,build,8,148.82777511999984,,,,,,8422.81640625,complete,benchmarks/iterations/20260907T164404-fm-production-provenance-build/result.json,8422.81640625,,11586150936,,148.82777511999984,,,,,,,,,,,,
20260907T164959-fm-automaton-full-sites32,search,fm-automaton-full-sites32,data/reference-v1/reference.fa,32,3,sites,1,148.739452448,0.107397422,2.854067719,13.241304065,4.639449854973816,5.510063170028078,2725.97265625,matched; complete,benchmarks/iterations/20260907T164959-fm-automaton-full-sites32/result.json,2725.97265625,2361.671875,11586150936,78733,10.25,51.41,,,,benchmarks/sassy_1000/SCN2A_unfiltered_1000.fa,3,False,fresh processes; OS page cache not flushed; per-repetition timings retained,/home/ubuntu/comparators/sassy-0.2.6/target/release/sassy-comparator,,4.394487707,13.241304065
20260907T165213-fm-automaton-prune-first-sites32,search,fm-automaton-prune-first-sites32,data/reference-v1/reference.fa,32,3,sites,1,148.739452448,0.098192034,2.671050313,13.385964582,5.011498479399853,6.902163968864577,2726.7421875,matched; complete,benchmarks/iterations/20260907T165213-fm-automaton-prune-first-sites32/result.json,2726.7421875,2361.8046875,11586150936,78733,8.24,46.75,,,,benchmarks/sassy_1000/SCN2A_unfiltered_1000.fa,3,False,fresh processes; OS page cache not flushed; per-repetition timings retained,/home/ubuntu/comparators/sassy-0.2.6/target/release/sassy-comparator,,2.779366466,13.385964582
20260907T165308-cli-fm-screen-1000,production_cli,cli-fm-screen-1000,data/reference-v1/reference.fa,1000,3,screen annotated CLI,1,,1.057079773,1.066998479,,,,1471.02734375,complete,benchmarks/iterations/20260907T165308-cli-fm-screen-1000/result.json,1471.02734375,,,1000,2.4699680810003883,,936392,,,benchmarks/sassy_1000/SCN2A_unfiltered_1000.fa,1,,fresh process; OS cache not flushed,,,,
20260907T165310-cli-fm-report32,production_cli,cli-fm-report32,data/reference-v1/reference.fa,32,3,report annotated CLI,1,,0.76155865,3.043697017,,,,4970.734375,complete,benchmarks/iterations/20260907T165310-cli-fm-report32/result.json,4970.734375,,,78733,4.072900612000012,,64903412,,,benchmarks/sassy_1000/SCN2A_unfiltered_1000.fa,1,,fresh process; OS cache not flushed,,,,
20260907T165454-fm-automaton-band-sites32,search,fm-automaton-band-sites32,data/reference-v1/reference.fa,32,3,sites,1,148.739452448,0.103360873,2.5701437929999997,13.273426857,5.164468576875458,7.150940554334715,2726.9296875,matched; complete,benchmarks/iterations/20260907T165454-fm-automaton-band-sites32/result.json,2726.9296875,2361.8984375,11586150936,78733,7.94,46.41,,,,benchmarks/sassy_1000/SCN2A_unfiltered_1000.fa,3,False,fresh processes; OS page cache not flushed; per-repetition timings retained,/home/ubuntu/comparators/sassy-0.2.6/target/release/sassy-comparator,,2.657828092,13.272425481
20260907T165755-fm-reverse-1300m-build,index_build,fm-reverse-1300m-build,data/reference-v1/reference.fa,,,build,8,136.9464893839995,,,,,,8422.96875,complete,benchmarks/iterations/20260907T165755-fm-reverse-1300m-build/result.json,8422.96875,,11586150936,,136.9464893839995,,,,,,,,,,,,
20260907T170107-fm-two-directions-sites32,search,fm-two-directions-sites32,data/reference-v1/reference.fa,32,3,sites,1,285.601782073,0.227051161,0.649347992,13.274224071,20.442388726136233,15.79940625779116,5269.74609375,matched; complete,benchmarks/iterations/20260907T170107-fm-two-directions-sites32/result.json,5269.74609375,2361.640625,23172301872,78733,2.95,51.51,,,,benchmarks/sassy_1000/SCN2A_unfiltered_1000.fa,3,False,fresh processes; OS page cache not flushed; per-repetition timings retained,/home/ubuntu/comparators/sassy-0.2.6/target/release/sassy-comparator,,1.344361459,13.252808707
20260907T170202-fm-two-directions-screen10k,search,fm-two-directions-screen10k,data/reference-v1/reference.fa,10000,3,screen,1,285.601782073,0.228984752,0.103559296,5.59717322,54.048003763949886,0.39285345492232165,3376.34375,matched; complete,benchmarks/iterations/20260907T170202-fm-two-directions-screen10k/result.json,3376.34375,2381.46484375,23172301872,10000,30.66,23.3,,,,data/query-sets-v1/scn2a-10000.fa,3,False,fresh processes; OS page cache not flushed; per-repetition timings retained,/home/ubuntu/comparators/sassy-0.2.6/target/release/sassy-comparator,,30.175168561,5.489000369
20260907T170424-fm-two-directions-sites1000,search,fm-two-directions-sites1000,data/reference-v1/reference.fa,1000,3,sites,1,285.601782073,0.224099703,120.494013372,522.23664999,4.334129434113079,4.379537482387044,20698.05078125,matched; complete,benchmarks/iterations/20260907T170424-fm-two-directions-sites1000/result.json,20698.05078125,2364.96875,23172301872,45113535,121.03,528.8,,,,benchmarks/sassy_1000/SCN2A_unfiltered_1000.fa,1,False,fresh processes; OS page cache not flushed; per-repetition timings retained,/home/ubuntu/comparators/sassy-0.2.6/target/release/sassy-comparator,,120.494013372,522.23664999
20260907T171542-fm-paired-exact-tuples32,search,fm-paired-exact-tuples32,data/reference-v1/reference.fa,32,3,sites,1,285.601782073,0.201827566,1.644125486,13.424245203,8.16497604185913,13.548319388677498,5271.83984375,matched; complete,benchmarks/iterations/20260907T171542-fm-paired-exact-tuples32/result.json,5271.83984375,2361.69140625,23172301872,78733,1.93,25.13,,True,,benchmarks/sassy_1000/SCN2A_unfiltered_1000.fa,1,True,fresh processes; OS page cache not flushed; per-repetition timings retained,/home/ubuntu/comparators/sassy-0.2.6/target/release/sassy-comparator,,1.644125486,13.424245203
20260907T171610-cli-paired-report32,production_cli,cli-paired-report32,data/reference-v1/reference.fa,32,3,report annotated CLI,1,,1.276750031,1.8476459379999999,,,,7489.875,complete,benchmarks/iterations/20260907T171610-cli-paired-report32/result.json,7489.875,,,78733,3.422187280999424,,64903544,,,benchmarks/sassy_1000/SCN2A_unfiltered_1000.fa,1,,fresh process; OS cache not flushed,,,,
20260907T171615-fm-paired-exact-tuples32-k0,search,fm-paired-exact-tuples32-k0,data/reference-v1/reference.fa,32,0,sites,1,285.601782073,0.202430838,0.006511902,14.887350002,2286.175375796503,102.66255666026012,2361.6484375,matched; complete,benchmarks/iterations/20260907T171615-fm-paired-exact-tuples32-k0/result.json,198.1875,2361.6484375,23172301872,35,0.22,21.56,,True,,benchmarks/sassy_1000/SCN2A_unfiltered_1000.fa,1,True,fresh processes; OS page cache not flushed; per-repetition timings retained,/home/ubuntu/comparators/sassy-0.2.6/target/release/sassy-comparator,,0.006511902,14.887350002
20260907T171637-fm-paired-exact-tuples32-k1,search,fm-paired-exact-tuples32-k1,data/reference-v1/reference.fa,32,1,sites,1,285.601782073,0.202385002,0.029182584,11.963698198,409.96020770470494,79.70953804389531,2361.76953125,matched; complete,benchmarks/iterations/20260907T171637-fm-paired-exact-tuples32-k1/result.json,800.3203125,2361.76953125,23172301872,210,0.25,18.57,,True,,benchmarks/sassy_1000/SCN2A_unfiltered_1000.fa,1,True,fresh processes; OS page cache not flushed; per-repetition timings retained,/home/ubuntu/comparators/sassy-0.2.6/target/release/sassy-comparator,,0.029182584,11.963698198
20260907T171656-fm-paired-exact-tuples32-k2,search,fm-paired-exact-tuples32-k2,data/reference-v1/reference.fa,32,2,sites,1,285.601782073,0.202116009,0.203403408,11.986608687,58.93022543162109,45.50647536564198,3444.75390625,matched; complete,benchmarks/iterations/20260907T171656-fm-paired-exact-tuples32-k2/result.json,3444.75390625,2361.59375,23172301872,2923,0.45,18.57,,True,,benchmarks/sassy_1000/SCN2A_unfiltered_1000.fa,1,True,fresh processes; OS page cache not flushed; per-repetition timings retained,/home/ubuntu/comparators/sassy-0.2.6/target/release/sassy-comparator,,0.203403408,11.986608687
20260907T171841-fm-hash-dedup-sites1000,search,fm-hash-dedup-sites1000 [reused Sassy baseline],data/reference-v1/reference.fa,1000,3,sites,1,285.601782073,0.201655755,86.923308654,522.23664999,6.008016239565543,4.535156898813119,20693.390625,matched; complete,benchmarks/iterations/20260907T171841-fm-hash-dedup-sites1000/result.json,20693.390625,2364.96875,23172301872,45113535,290.52,528.8,,,benchmarks/iterations/20260907T170424-fm-two-directions-sites1000/result.json,benchmarks/sassy_1000/SCN2A_unfiltered_1000.fa,3,False,fresh processes; OS page cache not flushed; per-repetition timings retained,/home/ubuntu/comparators/sassy-0.2.6/target/release/sassy-comparator,,116.374134854,522.23664999
20260907T172540-sassy-dna-notrace-bounded-sites32,search,sassy-dna-notrace-bounded-sites32,data/reference-v1/bounded-10mb.fa,32,3,sites,1,0.224278267,0.003456399,0.346866662,,,,18.8359375,FAILED/TIMEOUT,benchmarks/iterations/20260907T172540-sassy-dna-notrace-bounded-sites32/result.json,18.8359375,13.2734375,47501048,248,0.35,0.02,,,,benchmarks/sassy_1000/SCN2A_unfiltered_1000.fa,1,True,fresh processes; OS page cache not flushed; per-repetition timings retained,/home/ubuntu/comparators/sassy-0.2.6/target/release/sassy-comparator,,0.346866662,
20260907T172541-sassy-dna-notrace-full-sites32,search,sassy-dna-notrace-full-sites32,data/reference-v1/reference.fa,32,3,sites,1,285.601782073,0.203113482,0.815003391,,,,5274.16796875,FAILED/TIMEOUT,benchmarks/iterations/20260907T172541-sassy-dna-notrace-full-sites32/result.json,5274.16796875,2361.56640625,23172301872,78733,1.1,8.42,,,,benchmarks/sassy_1000/SCN2A_unfiltered_1000.fa,1,True,fresh processes; OS page cache not flushed; per-repetition timings retained,/home/ubuntu/comparators/sassy-0.2.6/target/release/sassy-comparator,,0.815003391,
20260907T173019-sassy-v1-notrace-bounded-sites32,search,sassy-v1-notrace-bounded-sites32,data/reference-v1/bounded-10mb.fa,32,3,sites,1,0.224278267,0.000356712,0.124387394,0.178453061,1.4346555166193127,1.644158722817734,18.89453125,matched; complete,benchmarks/iterations/20260907T173019-sassy-v1-notrace-bounded-sites32/result.json,18.89453125,13.03515625,47501048,248,0.12,0.2,,True,,benchmarks/sassy_1000/SCN2A_unfiltered_1000.fa,1,True,fresh processes; OS page cache not flushed; per-repetition timings retained,/home/ubuntu/comparators/sassy-0.2.6-v1/target/release/sassy-comparator,,0.124387394,0.178453061
20260907T173019-sassy-v1-notrace-full-sites32,search,sassy-v1-notrace-full-sites32,data/reference-v1/reference.fa,32,3,sites,1,285.601782073,0.190607752,0.816165752,45.332386642,55.543113063631715,53.23555678120032,5274.16796875,matched; complete,benchmarks/iterations/20260907T173019-sassy-v1-notrace-full-sites32/result.json,5274.16796875,2361.43359375,23172301872,78733,1.09,53.74,,True,,benchmarks/sassy_1000/SCN2A_unfiltered_1000.fa,1,True,fresh processes; OS page cache not flushed; per-repetition timings retained,/home/ubuntu/comparators/sassy-0.2.6-v1/target/release/sassy-comparator,,0.816165752,45.332386642
20260907T173114-fm-range-dedup-sites1000,search,fm-range-dedup-sites1000 [reused Sassy baseline],data/reference-v1/reference.fa,1000,3,sites,1,285.601782073,0.188764727,33.650223855,522.23664999,15.519559460892033,10.146368528166468,20802.28515625,matched; complete,benchmarks/iterations/20260907T173114-fm-range-dedup-sites1000/result.json,20802.28515625,2364.96875,23172301872,45113535,119.75,528.8,,,benchmarks/iterations/20260907T170424-fm-two-directions-sites1000/result.json,benchmarks/sassy_1000/SCN2A_unfiltered_1000.fa,3,False,fresh processes; OS page cache not flushed; per-repetition timings retained,/home/ubuntu/comparators/sassy-0.2.6/target/release/sassy-comparator,,51.91751345,522.23664999
20260907T173543-fm-range-dedup-fresh-sites1000,search,fm-range-dedup-fresh-sites1000,data/reference-v1/reference.fa,1000,3,sites,1,285.601782073,0.191358252,52.163912702,525.742076096,10.078654933333686,10.203406228101784,20622.78125,matched; complete,benchmarks/iterations/20260907T173543-fm-range-dedup-fresh-sites1000/result.json,20622.78125,2364.93359375,23172301872,45113535,52.71,534.33,,,,benchmarks/sassy_1000/SCN2A_unfiltered_1000.fa,1,False,fresh processes; OS page cache not flushed; per-repetition timings retained,/home/ubuntu/comparators/sassy-0.2.6/target/release/sassy-comparator,,52.163912702,525.742076096
20260907T174543-annotation-cache-build,index_build,annotation-cache-build,data/reference-v1/reference.fa,,,build,1,1.1255394039999373,,,,,,58.28125,complete,benchmarks/iterations/20260907T174543-annotation-cache-build/result.json,58.28125,,5814116,,1.1255394039999373,,,,,,,,,,,,
20260907T174544-cli-cached-screen1000-r1,production_cli,cli-cached-screen1000-r1,data/reference-v1/reference.fa,1000,3,screen annotated CLI,1,,0.238204381,0.351755308,,,,1262.01953125,complete,benchmarks/iterations/20260907T174544-cli-cached-screen1000-r1/result.json,1262.01953125,,,1000,0.6656772699998328,,936519,,,benchmarks/sassy_1000/SCN2A_unfiltered_1000.fa,1,,fresh process; OS cache not flushed,,,,
20260907T174545-cli-cached-paired-report32-r1,production_cli,cli-cached-paired-report32-r1,data/reference-v1/reference.fa,32,3,report annotated CLI,1,,0.341194132,4.884454494,,,,7326.2109375,complete,benchmarks/iterations/20260907T174545-cli-cached-paired-report32-r1/result.json,7326.2109375,,,78733,5.42719569899964,,64903602,,,benchmarks/sassy_1000/SCN2A_unfiltered_1000.fa,1,,fresh process; OS cache not flushed,,,,
20260907T174551-cli-cached-screen1000-r2,production_cli,cli-cached-screen1000-r2,data/reference-v1/reference.fa,1000,3,screen annotated CLI,1,,0.237581279,0.062932329,,,,1262.171875,complete,benchmarks/iterations/20260907T174551-cli-cached-screen1000-r2/result.json,1262.171875,,,1000,0.3647920299999896,,936520,,,benchmarks/sassy_1000/SCN2A_unfiltered_1000.fa,1,,fresh process; OS cache not flushed,,,,
20260907T174552-cli-cached-paired-report32-r2,production_cli,cli-cached-paired-report32-r2,data/reference-v1/reference.fa,32,3,report annotated CLI,1,,0.340274936,1.5403405000000001,,,,7329.7890625,complete,benchmarks/iterations/20260907T174552-cli-cached-paired-report32-r2/result.json,7329.7890625,,,78733,2.069275903999369,,64903609,,,benchmarks/sassy_1000/SCN2A_unfiltered_1000.fa,1,,fresh process; OS cache not flushed,,,,
20260907T174555-cli-cached-paired-report32-r3,production_cli,cli-cached-paired-report32-r3,data/reference-v1/reference.fa,32,3,report annotated CLI,1,,0.340181139,1.5334270779999999,,,,7329.77734375,complete,benchmarks/iterations/20260907T174555-cli-cached-paired-report32-r3/result.json,7329.77734375,,,78733,2.068664785000692,,64903616,,,benchmarks/sassy_1000/SCN2A_unfiltered_1000.fa,1,,fresh process; OS cache not flushed,,,,
20260907T174555-cli-cached-screen1000-r3,production_cli,cli-cached-screen1000-r3,data/reference-v1/reference.fa,1000,3,screen annotated CLI,1,,0.237970673,0.063004533,,,,1262.2421875,complete,benchmarks/iterations/20260907T174555-cli-cached-screen1000-r3/result.json,1262.2421875,,,1000,0.36488791600004333,,936520,,,benchmarks/sassy_1000/SCN2A_unfiltered_1000.fa,1,,fresh process; OS cache not flushed,,,,
20260907T174558-cli-cached-screen10000,production_cli,cli-cached-screen10000,data/reference-v1/reference.fa,10000,3,screen annotated CLI,1,,0.236532392,0.552346288,,,,4166.921875,complete,benchmarks/iterations/20260907T174558-cli-cached-screen10000/result.json,4166.921875,,,10000,0.9161089300005187,,9586462,,,data/query-sets-v1/scn2a-10000.fa,1,,fresh process; OS cache not flushed,,,,
20260907T174602-fm-range-final-scn2a-10000-screen,search,fm-range-final-scn2a-10000-screen,data/reference-v1/reference.fa,10000,3,screen,1,148.739452448,0.09912334,0.080911384,5.669733115,70.07336711728969,46.00584029301511,3487.7890625,matched; complete,benchmarks/iterations/20260907T174602-fm-range-final-scn2a-10000-screen/result.json,3487.7890625,2381.49609375,11586150936,10000,0.53,25.79,,,,data/query-sets-v1/scn2a-10000.fa,3,False,fresh processes; OS page cache not flushed; per-repetition timings retained,/home/ubuntu/comparators/sassy-0.2.6/target/release/sassy-comparator,,0.210842101,5.520760747
20260907T174629-fm-range-final-mixed-genes-1000-screen,search,fm-range-final-mixed-genes-1000-screen,data/reference-v1/reference.fa,1000,3,screen,1,148.739452448,0.093397435,0.009298186,1.571601109,169.02233500168742,21.525913065861225,2363.30859375,matched; complete,benchmarks/iterations/20260907T174629-fm-range-final-mixed-genes-1000-screen/result.json,1049.7109375,2363.30859375,11586150936,1000,0.55,14.36,,,,data/query-sets-v1/mixed-genes-1000.fa,3,False,fresh processes; OS page cache not flushed; per-repetition timings retained,/home/ubuntu/comparators/sassy-0.2.6/target/release/sassy-comparator,,0.421621574,1.571601109
20260907T174644-fm-range-final-random-1000-screen,search,fm-range-final-random-1000-screen,data/reference-v1/reference.fa,1000,3,screen,1,148.739452448,0.092823045,0.056332402,4.382242454,77.79257227483394,37.290091476413615,2363.609375,matched; complete,benchmarks/iterations/20260907T174644-fm-range-final-random-1000-screen/result.json,1006.4375,2363.609375,11586150936,1000,0.41,19.83,,,,data/query-sets-v1/random-1000.fa,3,False,fresh processes; OS page cache not flushed; per-repetition timings retained,/home/ubuntu/comparators/sassy-0.2.6/target/release/sassy-comparator,,0.201067248,4.467987662
20260907T174705-fm-range-final-low-complexity-1000-screen,search,fm-range-final-low-complexity-1000-screen,data/reference-v1/reference.fa,1000,3,screen,1,148.739452448,0.091966986,0.001180077,0.015397648,13.048002799817299,55.09773743897852,2363.8515625,matched; complete,benchmarks/iterations/20260907T174705-fm-range-final-low-complexity-1000-screen/result.json,92.3359375,2363.8515625,11586150936,1000,0.12,6.65,,,,data/query-sets-v1/low-complexity-1000.fa,3,False,fresh processes; OS page cache not flushed; per-repetition timings retained,/home/ubuntu/comparators/sassy-0.2.6/target/release/sassy-comparator,,0.025805263,0.016001872
20260907T174712-fm-range-allele-shortlist32-sites,search,fm-range-allele-shortlist32-sites,data/reference-v1/reference.fa,32,3,sites,1,285.601782073,0.19402459,0.517874689,12.913092079,24.934781238169375,8.221739042795662,4580.69921875,matched; complete,benchmarks/iterations/20260907T174712-fm-range-allele-shortlist32-sites/result.json,4580.69921875,2361.6015625,23172301872,41760,3.45,45.36,,True,,benchmarks/sassy_benchmark/SCN2A_patterns.fa,3,True,fresh processes; OS page cache not flushed; per-repetition timings retained,/home/ubuntu/comparators/sassy-0.2.6/target/release/sassy-comparator,,2.163667774,12.894498511
20260907T174801-fm-range-v1-low-complexity-screen,search,fm-range-v1-low-complexity-screen,data/reference-v1/reference.fa,1000,3,screen,1,148.739452448,0.092045788,0.001155558,,,,2361.96484375,FAILED/TIMEOUT,benchmarks/iterations/20260907T174801-fm-range-v1-low-complexity-screen/result.json,92.37109375,2361.96484375,11586150936,1000,0.1,6.59,,,,data/query-sets-v1/low-complexity-1000.fa,3,False,fresh processes; OS page cache not flushed; per-repetition timings retained,/home/ubuntu/comparators/sassy-0.2.6-v1/target/release/sassy-comparator,,0.004438899,
20260907T174808-fm-range-v1-original1000-screen,search,fm-range-v1-original1000-screen,data/reference-v1/reference.fa,1000,3,screen,1,148.739452448,0.092544545,0.006759745,,,,2361.9921875,FAILED/TIMEOUT,benchmarks/iterations/20260907T174808-fm-range-v1-original1000-screen/result.json,1119.59765625,2361.9921875,11586150936,1000,0.17,6.59,,,,benchmarks/sassy_1000/SCN2A_unfiltered_1000.fa,3,False,fresh processes; OS page cache not flushed; per-repetition timings retained,/home/ubuntu/comparators/sassy-0.2.6-v1/target/release/sassy-comparator,,0.048846473,
20260907T174815-fm-range-cold-original1000-screen,search,fm-range-cold-original1000-screen,data/reference-v1/reference.fa,1000,3,screen,1,148.739452448,0.169767862,0.011616844,0.829841545,71.43433664082947,1.2304328118831955,2363.5390625,matched; complete,benchmarks/iterations/20260907T174815-fm-range-cold-original1000-screen/result.json,1057.3359375,2363.5390625,11586150936,1000,15.14,20.38,,,,benchmarks/sassy_1000/SCN2A_unfiltered_1000.fa,3,False,POSIX_FADV_DONTNEED on benchmark reference/index/query files before each engine; measured residual residency retained; subsequent repetitions warm,/home/ubuntu/comparators/sassy-0.2.6/target/release/sassy-comparator,,14.909856366,0.829841545
20260907T175700-fm-coarse-flat-verifier-sites32,search,fm-coarse-flat-verifier-sites32,data/reference-v1/reference.fa,32,3,sites,1,285.601782073,0.227848715,0.632161527,13.005149676,20.57251053811758,1.240254692814676,5197.09375,matched; complete,benchmarks/iterations/20260907T175700-fm-coarse-flat-verifier-sites32/result.json,5197.09375,2361.65234375,23172301872,78733,26.41,57.19,,True,,benchmarks/sassy_1000/SCN2A_unfiltered_1000.fa,3,True,fresh processes; OS page cache not flushed; per-repetition timings retained,/home/ubuntu/comparators/sassy-0.2.6/target/release/sassy-comparator,,24.812904194,13.030598447
20260907T175824-cli-coarse-flat-report32-r1,production_cli,cli-coarse-flat-report32-r1,data/reference-v1/reference.fa,32,3,report annotated CLI,1,,0.496176146,1.386513055,,,,7354.60546875,complete,benchmarks/iterations/20260907T175824-cli-coarse-flat-report32-r1/result.json,7354.60546875,,,78733,2.0685971009997957,,64903602,,,benchmarks/sassy_1000/SCN2A_unfiltered_1000.fa,1,,fresh process; OS cache not flushed,,,,
20260907T175827-cli-coarse-flat-report32-r2,production_cli,cli-coarse-flat-report32-r2,data/reference-v1/reference.fa,32,3,report annotated CLI,1,,0.363681897,1.38137283,,,,7354.6171875,complete,benchmarks/iterations/20260907T175827-cli-coarse-flat-report32-r2/result.json,7354.6171875,,,78733,1.9685267169998042,,64903601,,,benchmarks/sassy_1000/SCN2A_unfiltered_1000.fa,1,,fresh process; OS cache not flushed,,,,
20260907T175829-cli-coarse-flat-report32-r3,production_cli,cli-coarse-flat-report32-r3,data/reference-v1/reference.fa,32,3,report annotated CLI,1,,0.365231205,1.380530708,,,,7354.62890625,complete,benchmarks/iterations/20260907T175829-cli-coarse-flat-report32-r3/result.json,7354.62890625,,,78733,1.9685848999997688,,64903602,,,benchmarks/sassy_1000/SCN2A_unfiltered_1000.fa,1,,fresh process; OS cache not flushed,,,,
20260907T175835-fm-v1-iupac-low-complexity-screen,search,fm-v1-iupac-low-complexity-screen,data/reference-v1/reference.fa,1000,3,screen,1,148.739452448,0.112135712,0.001051148,0.029787995,28.338535582049342,34.07510499659413,2362.17578125,matched; complete,benchmarks/iterations/20260907T175835-fm-v1-iupac-low-complexity-screen/result.json,94.05859375,2362.17578125,11586150936,1000,0.2,6.69,,,,data/query-sets-v1/low-complexity-1000.fa,3,False,fresh processes; OS page cache not flushed; per-repetition timings retained,/home/ubuntu/comparators/sassy-0.2.6-v1-iupac/target/release/sassy-comparator,,0.079308355,0.029812534
20260907T175843-fm-v1-iupac-original1000-screen,search,fm-v1-iupac-original1000-screen,data/reference-v1/reference.fa,1000,3,screen,1,148.739452448,0.111641895,0.006373641,1.845033572,289.4787409582686,48.420405876389026,2362.265625,matched; complete,benchmarks/iterations/20260907T175843-fm-v1-iupac-original1000-screen/result.json,1108.55859375,2362.265625,11586150936,1000,0.21,12.13,,,,benchmarks/sassy_1000/SCN2A_unfiltered_1000.fa,3,False,fresh processes; OS page cache not flushed; per-repetition timings retained,/home/ubuntu/comparators/sassy-0.2.6-v1-iupac/target/release/sassy-comparator,,0.060429558,1.849405389
20260907T175855-fm-coarse-flat-verifier-fresh-sites1000,search,fm-coarse-flat-verifier-fresh-sites1000,data/reference-v1/reference.fa,1000,3,sites,1,285.601782073,0.229790077,29.103330981,469.822673077,16.143261174596198,3.738372686019469,20671.25390625,matched; complete,benchmarks/iterations/20260907T175855-fm-coarse-flat-verifier-fresh-sites1000/result.json,20671.25390625,2365.1796875,23172301872,45113535,177.55,1385.08,,,,benchmarks/sassy_1000/SCN2A_unfiltered_1000.fa,3,False,fresh processes; OS page cache not flushed; per-repetition timings retained,/home/ubuntu/comparators/sassy-0.2.6/target/release/sassy-comparator,,118.726958022,438.244995876
20260907T183020-fm-cached-alleles-1000-screen,search,fm-cached-alleles-1000-screen,data/reference-v1/reference.fa,1000,3,screen,1,148.739452448,0.188883209,0.009617801,0.66140682,68.76902734835124,5.9229169539553705,2363.65625,matched; complete,benchmarks/iterations/20260907T183020-fm-cached-alleles-1000-screen/result.json,1067.32421875,2363.65625,11586150936,1000,1.26,8.65,,,,data/cached-allele-queries-v1/scn2a-cached-alleles-1000.fa,3,False,fresh processes; OS page cache not flushed; per-repetition timings retained,/home/ubuntu/comparators/sassy-0.2.6/target/release/sassy-comparator,,1.022637622,0.66140682
20260907T183030-fm-cached-alleles-10000-screen,search,fm-cached-alleles-10000-screen,data/reference-v1/reference.fa,10000,3,screen,1,148.739452448,0.115823849,0.076216391,6.850648275,89.88418613261287,3.6120532919371158,2381.43359375,matched; complete,benchmarks/iterations/20260907T183030-fm-cached-alleles-10000-screen/result.json,2109.28515625,2381.43359375,11586150936,10000,3.87,27.08,,,,data/cached-allele-queries-v1/scn2a-cached-alleles-10000.fa,3,False,fresh processes; OS page cache not flushed; per-repetition timings retained,/home/ubuntu/comparators/sassy-0.2.6/target/release/sassy-comparator,,3.5381963,6.687057728
20260907T183102-fm-cached-alleles-all-screen,search,fm-cached-alleles-all-screen,data/reference-v1/reference.fa,26643,3,screen,1,148.739452448,0.124119579,0.150357965,17.991701148,119.65911581737622,14.361242277568733,2602.94921875,matched; complete,benchmarks/iterations/20260907T183102-fm-cached-alleles-all-screen/result.json,2602.94921875,2416.125,11586150936,26643,2.07,60.21,,,,data/cached-allele-queries-v1/scn2a-cached-alleles-all.fa,3,False,fresh processes; OS page cache not flushed; per-repetition timings retained,/home/ubuntu/comparators/sassy-0.2.6/target/release/sassy-comparator,,1.551821042,17.548615347
20260907T183205-fm-exact-tuples-all-1000,search,fm-exact-tuples-all-1000,data/reference-v1/reference.fa,1000,3,sites,1,285.601782073,0.228510069,81.638625093,451.664227375,5.532482043401382,5.596453436759141,20453.90625,matched; complete,benchmarks/iterations/20260907T183205-fm-exact-tuples-all-1000/result.json,20453.90625,2364.58984375,23172301872,45113535,82.28,458.3,,True,,benchmarks/sassy_1000/SCN2A_unfiltered_1000.fa,1,True,fresh processes; OS page cache not flushed; per-repetition timings retained,/home/ubuntu/comparators/sassy-0.2.6/target/release/sassy-comparator,,81.638625093,451.664227375
20260907T184208-fm-random1000-screen-k0,search,fm-random1000-screen-k0,data/reference-v1/reference.fa,1000,0,screen,1,148.739452448,0.168209771,0.060232963,174.122177703,2890.8120907649854,839.57971593441,2363.19140625,matched; complete,benchmarks/iterations/20260907T184208-fm-random1000-screen-k0/result.json,877.61328125,2363.19140625,11586150936,2,0.24,191.94,,,,data/query-sets-v1/random-1000.fa,1,False,fresh processes; OS page cache not flushed; per-repetition timings retained,/home/ubuntu/comparators/sassy-0.2.6/target/release/sassy-comparator,,0.060232963,174.122177703
20260907T184521-fm-random1000-screen-k1,search,fm-random1000-screen-k1,data/reference-v1/reference.fa,1000,1,screen,1,148.739452448,0.112454649,0.659536301,249.817378905,378.7772993332174,332.0613334171857,2363.40625,matched; complete,benchmarks/iterations/20260907T184521-fm-random1000-screen-k1/result.json,1759.32421875,2363.40625,11586150936,135,0.82,256.5,,,,data/query-sets-v1/random-1000.fa,1,False,fresh processes; OS page cache not flushed; per-repetition timings retained,/home/ubuntu/comparators/sassy-0.2.6/target/release/sassy-comparator,,0.659536301,249.817378905
20260907T184938-fm-random1000-screen-k2,search,fm-random1000-screen-k2,data/reference-v1/reference.fa,1000,2,screen,1,148.739452448,0.112080875,0.968149784,89.708836555,92.66008012144535,89.08470223580278,2363.359375,matched; complete,benchmarks/iterations/20260907T184938-fm-random1000-screen-k2/result.json,1812.9921875,2363.359375,11586150936,859,1.13,96.38,,,,data/query-sets-v1/random-1000.fa,1,False,fresh processes; OS page cache not flushed; per-repetition timings retained,/home/ubuntu/comparators/sassy-0.2.6/target/release/sassy-comparator,,0.968149784,89.708836555
20260907T185138-sassy-avx512-build-failed,comparator_build,sassy-0.2.6-avx512-build,,,,comparator build,4,,,,,,,,BUILD FAILED,benchmarks/iterations/20260907T185138-sassy-avx512-build-failed/result.json,,,,,,,,,,,,,,,,,
20260907T185209-cli-borrowed-json-report32-r1,production_cli,cli-borrowed-json-report32-r1,data/reference-v1/reference.fa,32,3,report annotated CLI,1,,0.582074743,2.409688999,,,,7358.33984375,complete,benchmarks/iterations/20260907T185209-cli-borrowed-json-report32-r1/result.json,7358.33984375,,,78733,3.2214928140001575,,64903602,,,benchmarks/sassy_1000/SCN2A_unfiltered_1000.fa,1,,fresh process; OS cache not flushed,,,,
20260907T185213-cli-borrowed-json-report32-r2,production_cli,cli-borrowed-json-report32-r2,data/reference-v1/reference.fa,32,3,report annotated CLI,1,,0.35036097,1.174011077,,,,7359.546875,complete,benchmarks/iterations/20260907T185213-cli-borrowed-json-report32-r2/result.json,7359.546875,,,78733,1.7180920089995197,,64903601,,,benchmarks/sassy_1000/SCN2A_unfiltered_1000.fa,1,,fresh process; OS cache not flushed,,,,
20260907T185216-cli-borrowed-json-report32-r3,production_cli,cli-borrowed-json-report32-r3,data/reference-v1/reference.fa,32,3,report annotated CLI,1,,0.35117697,1.164521978,,,,7359.49609375,complete,benchmarks/iterations/20260907T185216-cli-borrowed-json-report32-r3/result.json,7359.49609375,,,78733,1.7186076730013156,,64903601,,,benchmarks/sassy_1000/SCN2A_unfiltered_1000.fa,1,,fresh process; OS cache not flushed,,,,
20260907T185227-cli-borrowed-json-alleles-all-screen,production_cli,cli-borrowed-json-alleles-all-screen,data/reference-v1/reference.fa,26643,3,screen annotated CLI,1,,0.24716246,1.925668172,,,,3596.70703125,complete,benchmarks/iterations/20260907T185227-cli-borrowed-json-alleles-all-screen/result.json,3596.70703125,,,26643,2.370067661999201,,30099957,,,data/cached-allele-queries-v1/scn2a-cached-alleles-all.jsonl,1,,fresh process; OS cache not flushed,,,,
20260907T185255-fm-final-exact-tuples-1000-repeated,search,fm-final-exact-tuples-1000-repeated,data/reference-v1/reference.fa,1000,3,sites,1,285.601782073,0.326419312,34.37968804,444.330500481,12.924215599746903,7.422676279878719,20624.43359375,matched; complete,benchmarks/iterations/20260907T185255-fm-final-exact-tuples-1000-repeated/result.json,20624.43359375,2365.171875,23172301872,45113535,133.67,1367.41,,True,,benchmarks/sassy_1000/SCN2A_unfiltered_1000.fa,3,True,fresh processes; OS page cache not flushed; per-repetition timings retained,/home/ubuntu/comparators/sassy-0.2.6/target/release/sassy-comparator,,64.237702159,472.71904656
20260907T192251-fm-packed-fast-interval-sites32,search,fm-packed-fast-interval-sites32,data/reference-v1/reference.fa,32,3,sites,1,285.601782073,0.361761321,0.621927184,12.755640385,20.50986146474665,27.82368199047563,5264.25390625,matched; complete,benchmarks/iterations/20260907T192251-fm-packed-fast-interval-sites32/result.json,5264.25390625,2361.7265625,23172301872,78733,2.56,59.08,,True,,benchmarks/sassy_1000/SCN2A_unfiltered_1000.fa,3,True,fresh processes; OS page cache not flushed; per-repetition timings retained,/home/ubuntu/comparators/sassy-0.2.6-fast-interval/target/release/sassy-comparator,11.970414653000189,0.838470882,12.755640385
20260907T192353-fm-packed-fast-interval-sites1000,search,fm-packed-fast-interval-sites1000,data/reference-v1/reference.fa,1000,3,sites,1,285.601782073,0.206275167,28.026787165000002,320.551895576,11.437340059309648,8.860669393704185,20520.8515625,matched; complete,benchmarks/iterations/20260907T192353-fm-packed-fast-interval-sites1000/result.json,20520.8515625,2367.31640625,23172301872,45113535,93.45,968.44,,,,benchmarks/sassy_1000/SCN2A_unfiltered_1000.fa,3,False,fresh processes; OS page cache not flushed; per-repetition timings retained,/home/ubuntu/comparators/sassy-0.2.6-fast-interval/target/release/sassy-comparator,310.7004885219845,36.740850277,320.849346646
20260907T194149-fm-word-union-full-tuples1000,search,fm-word-union-full-tuples1000,data/reference-v1/reference.fa,1000,3,sites,1,,,,,,,0.0,ABORTED: prerequisite failed,benchmarks/iterations/20260907T194149-fm-word-union-full-tuples1000/result.json,0.0,0.0,,,,,,,,benchmarks/sassy_1000/SCN2A_unfiltered_1000.fa,3,True,fresh processes; OS page cache not flushed; per-repetition timings retained,/home/ubuntu/comparators/sassy-0.2.6-fast-interval/target/release/sassy-comparator,,,
20260907T194149-native-range-build-failed,native_build,native-range-build-stale-artifact,,,,native build,2,,,,,,,,BUILD FAILED,benchmarks/iterations/20260907T194149-native-range-build-failed/result.json,,,,,,,,,,,,,,,,,
20260907T194659-fm-word-union-sites32-k0,search,fm-word-union-sites32-k0,data/reference-v1/reference.fa,32,0,sites,1,285.601782073,0.197978934,0.007442061,14.882698831,1999.8087668187618,111.1768732499811,2361.8828125,matched; complete,benchmarks/iterations/20260907T194659-fm-word-union-sites32-k0/result.json,198.7265625,2361.8828125,23172301872,35,0.21,22.98,,True,,benchmarks/sassy_1000/SCN2A_unfiltered_1000.fa,1,True,fresh processes; OS page cache not flushed; per-repetition timings retained,/home/ubuntu/comparators/sassy-0.2.6-fast-interval/target/release/sassy-comparator,14.142126808000105,0.007442061,14.882698831
20260907T194722-fm-word-union-sites32-k1,search,fm-word-union-sites32-k1,data/reference-v1/reference.fa,32,1,sites,1,285.601782073,0.395879775,0.034270549,11.919389644,347.80270499897745,45.6200509661827,2361.859375,matched; complete,benchmarks/iterations/20260907T194722-fm-word-union-sites32-k1/result.json,816.0078125,2361.859375,23172301872,210,0.45,19.77,,True,,benchmarks/sassy_1000/SCN2A_unfiltered_1000.fa,1,True,fresh processes; OS page cache not flushed; per-repetition timings retained,/home/ubuntu/comparators/sassy-0.2.6-fast-interval/target/release/sassy-comparator,11.181254563,0.034270549,11.919389644
20260907T194743-fm-word-union-sites32-k2,search,fm-word-union-sites32-k2,data/reference-v1/reference.fa,32,2,sites,1,285.601782073,0.198007272,0.221507492,11.959010087,53.98919006766597,44.04922936871895,3385.109375,matched; complete,benchmarks/iterations/20260907T194743-fm-word-union-sites32-k2/result.json,3385.109375,2361.90625,23172301872,2923,0.48,18.62,,True,,benchmarks/sassy_1000/SCN2A_unfiltered_1000.fa,1,True,fresh processes; OS page cache not flushed; per-repetition timings retained,/home/ubuntu/comparators/sassy-0.2.6-fast-interval/target/release/sassy-comparator,11.217095133999894,0.221507492,11.959010087
20260907T194802-fm-word-union-sites32-k3,search,fm-word-union-sites32-k3,data/reference-v1/reference.fa,32,3,sites,1,285.601782073,0.198066616,0.881343811,12.731912758,14.446022765569746,18.21193659453134,4462.08984375,matched; complete,benchmarks/iterations/20260907T194802-fm-word-union-sites32-k3/result.json,4462.08984375,2361.84765625,23172301872,78733,1.17,19.8,,True,,benchmarks/sassy_1000/SCN2A_unfiltered_1000.fa,1,True,fresh processes; OS page cache not flushed; per-repetition timings retained,/home/ubuntu/comparators/sassy-0.2.6-fast-interval/target/release/sassy-comparator,11.944841217999784,0.881343811,12.731912758
20260907T194824-fm-word-union-sites1000,search,fm-word-union-sites1000,data/reference-v1/reference.fa,1000,3,sites,1,285.601782073,0.198990276,24.790994269,320.705999188,12.936391163182517,12.783770236111161,11971.75390625,matched; complete,benchmarks/iterations/20260907T194824-fm-word-union-sites1000/result.json,11971.75390625,2367.30078125,23172301872,45113535,77.65,995.6,,,,benchmarks/sassy_1000/SCN2A_unfiltered_1000.fa,3,False,fresh processes; OS page cache not flushed; per-repetition timings retained,/home/ubuntu/comparators/sassy-0.2.6-fast-interval/target/release/sassy-comparator,310.85178201900385,27.611933992,349.03240296
20260907T200618-cli-word-union-report32-r1,production_cli,cli-word-union-report32-r1,data/reference-v1/reference.fa,32,3,report annotated CLI,1,,0.495851516,2.433542723,,,,6576.53125,complete,benchmarks/iterations/20260907T200618-cli-word-union-report32-r1/result.json,6576.53125,,,78733,3.121253594001246,,64903602,,,benchmarks/sassy_1000/SCN2A_unfiltered_1000.fa,1,,fresh process; OS cache not flushed,,,,
20260907T200621-cli-word-union-report32-r2,production_cli,cli-word-union-report32-r2,data/reference-v1/reference.fa,32,3,report annotated CLI,1,,0.364763678,1.172058263,,,,6577.75,complete,benchmarks/iterations/20260907T200621-cli-word-union-report32-r2/result.json,6577.75,,,78733,1.7184752159992058,,64903600,,,benchmarks/sassy_1000/SCN2A_unfiltered_1000.fa,1,,fresh process; OS cache not flushed,,,,
20260907T200624-cli-word-union-report32-r3,production_cli,cli-word-union-report32-r3,data/reference-v1/reference.fa,32,3,report annotated CLI,1,,0.364647064,1.174573779,,,,6577.8046875,complete,benchmarks/iterations/20260907T200624-cli-word-union-report32-r3/result.json,6577.8046875,,,78733,1.7179344730011508,,64903602,,,benchmarks/sassy_1000/SCN2A_unfiltered_1000.fa,1,,fresh process; OS cache not flushed,,,,
20260907T200643-fm-word-union-full-tuples1000,search,fm-word-union-full-tuples1000,data/reference-v1/reference.fa,1000,3,sites,1,285.601782073,0.398117868,30.476569099,325.311812515,10.674161237055852,10.441110812983538,11973.90234375,matched; complete,benchmarks/iterations/20260907T200643-fm-word-union-full-tuples1000/result.json,11973.90234375,2367.2265625,23172301872,45113535,92.97,983.01,,True,,benchmarks/sassy_1000/SCN2A_unfiltered_1000.fa,3,True,fresh processes; OS page cache not flushed; per-repetition timings retained,/home/ubuntu/comparators/sassy-0.2.6-fast-interval/target/release/sassy-comparator,310.5815121930027,31.396544639,324.492754791
20260907T202834-fm-word-final-scn2a-10000-screen,search,fm-word-final-scn2a-10000-screen,data/reference-v1/reference.fa,10000,3,screen,1,148.739452448,0.238363594,0.092601252,5.638511871,60.89023365472424,1.3644289088641957,3419.32421875,matched; complete,benchmarks/iterations/20260907T202834-fm-word-final-scn2a-10000-screen/result.json,3419.32421875,2400.8828125,11586150936,10000,17.3,34.7,,,,data/query-sets-v1/scn2a-10000.fa,3,False,fresh processes; OS page cache not flushed; per-repetition timings retained,/home/ubuntu/comparators/sassy-0.2.6-fast-interval/target/release/sassy-comparator,4.364772538999994,16.772831224,5.522453698
20260907T202927-fm-word-final-mixed-genes-1000-screen,search,fm-word-final-mixed-genes-1000-screen,data/reference-v1/reference.fa,1000,3,screen,1,148.739452448,0.097172446,0.008562938,1.583487246,184.92335761394042,9.564167461032886,2365.65625,matched; complete,benchmarks/iterations/20260907T202927-fm-word-final-mixed-genes-1000-screen/result.json,1050.859375,2365.65625,11586150936,1000,0.89,11.39,,,,data/query-sets-v1/mixed-genes-1000.fa,3,False,fresh processes; OS page cache not flushed; per-repetition timings retained,/home/ubuntu/comparators/sassy-0.2.6-fast-interval/target/release/sassy-comparator,1.424186359000019,0.746106743,1.571018015
20260907T202940-fm-word-final-random-1000-screen,search,fm-word-final-random-1000-screen,data/reference-v1/reference.fa,1000,3,screen,1,148.739452448,0.096635359,0.058252942,4.403180787,75.58726882841385,25.312150859234414,2365.59765625,matched; complete,benchmarks/iterations/20260907T202940-fm-word-final-random-1000-screen/result.json,1008.2421875,2365.59765625,11586150936,1000,0.57,19.85,,,,data/query-sets-v1/random-1000.fa,3,False,fresh processes; OS page cache not flushed; per-repetition timings retained,/home/ubuntu/comparators/sassy-0.2.6-fast-interval/target/release/sassy-comparator,3.991969416000049,0.333194318,4.353950143
20260907T203000-fm-word-final-low-complexity-1000-screen,search,fm-word-final-low-complexity-1000-screen,data/reference-v1/reference.fa,1000,3,screen,1,148.739452448,0.095882325,0.001076313,0.015170557,14.094930563878723,40.14357573524967,2365.82421875,matched; complete,benchmarks/iterations/20260907T203000-fm-word-final-low-complexity-1000-screen/result.json,94.91015625,2365.82421875,11586150936,1000,0.17,6.7,,,,data/query-sets-v1/low-complexity-1000.fa,3,False,fresh processes; OS page cache not flushed; per-repetition timings retained,/home/ubuntu/comparators/sassy-0.2.6-fast-interval/target/release/sassy-comparator,0.011934041,0.066542161,0.015857112
20260907T203008-fm-word-final-alleles-all-screen,search,fm-word-final-alleles-all-screen,data/reference-v1/reference.fa,26643,3,screen,1,148.739452448,0.133908783,0.162924678,18.208130542,111.75796549372343,11.094579183765859,2628.3671875,matched; complete,benchmarks/iterations/20260907T203008-fm-word-final-alleles-all-screen/result.json,2628.3671875,2468.2578125,11586150936,26643,2.6,60.83,,,,data/cached-allele-queries-v1/scn2a-cached-alleles-all.fa,3,False,fresh processes; OS page cache not flushed; per-repetition timings retained,/home/ubuntu/comparators/sassy-0.2.6-fast-interval/target/release/sassy-comparator,14.514239927999995,2.046166724,17.643598556
20260907T203114-fm-word-final-cold-original1000-screen,search,fm-word-final-cold-original1000-screen,data/reference-v1/reference.fa,1000,3,screen,1,148.739452448,0.238880587,21.27258072,0.8269176,0.038872462673160794,0.8610379306482883,2365.12109375,matched; complete,benchmarks/iterations/20260907T203114-fm-word-final-cold-original1000-screen/result.json,1059.53125,2365.12109375,11586150936,1000,21.56,18.71,,,,benchmarks/sassy_1000/SCN2A_unfiltered_1000.fa,1,False,POSIX_FADV_DONTNEED on benchmark reference/index/query files before each engine; measured residual residency retained; subsequent repetitions warm,/home/ubuntu/comparators/sassy-0.2.6-fast-interval/target/release/sassy-comparator,0.717227776999998,21.27258072,0.8269176
